{
  "environment": {
    "nodeVersion": "v22.12.0",
    "timestamp": "2025-03-06T15:24:57.789Z"
  },
  "config": {
    "sampleRate": 44100,
    "baseLatency": 50,
    "errorRate": 0,
    "variance": 0.05
  },
  "bufferProperties": {
    "sampleRate": 44100,
    "channels": 2,
    "duration": 1,
    "length": 44100,
    "generationTime": 189
  },
  "channelAnalysis": [
    {
      "channel": 0,
      "stats": {
        "min": -1,
        "max": 1,
        "rms": 0.40809724722244306,
        "zeroCrossings": 3373,
        "dcOffset": -0.0001387782866928719,
        "peakCount": 20854
      },
      "firstSamples": [
        0.03369803726673126,
        0.10991694033145905,
        0.2581680417060852,
        0.400901734828949,
        0.5381914377212524,
        0.6544273495674133,
        0.7978736758232117,
        0.8050200343132019,
        0.942966103553772,
        0.9823966026306152
      ]
    },
    {
      "channel": 1,
      "stats": {
        "min": -1,
        "max": 1,
        "rms": 0.4082305988161571,
        "zeroCrossings": 3824,
        "dcOffset": 0.0002168468830348898,
        "peakCount": 15935
      },
      "firstSamples": [
        -0.02628910169005394,
        0.3108373284339905,
        0.5296357274055481,
        0.7102506160736084,
        0.8580980896949768,
        1,
        0.9676811099052429,
        0.9465247988700867,
        0.8231614828109741,
        0.7369073033332825
      ]
    }
  ],
  "performance": {
    "memory": {
      "rss": 45215744,
      "heapTotal": 16846848,
      "heapUsed": 11176912,
      "external": 1842934,
      "arrayBuffers": 363315
    },
    "timing": {
      "total": 189
    }
  }
}